Sample_Number,Timestamp,Value,Subgroup_Position,BatchID,Pattern
1,2024-01-01 08:00:00,100.9934,1,BATCH_001,Normal
2,2024-01-01 09:00:00,99.7235,2,BATCH_001,Normal
3,2024-01-01 10:00:00,101.2954,3,BATCH_001,Normal
4,2024-01-01 11:00:00,103.0461,4,BATCH_001,Normal
5,2024-01-01 12:00:00,99.5317,5,BATCH_001,Normal
6,2024-01-01 13:00:00,99.5317,1,BATCH_001,Normal
7,2024-01-01 14:00:00,103.1584,2,BATCH_001,Normal
8,2024-01-01 15:00:00,101.5349,3,BATCH_001,Normal
9,2024-01-01 16:00:00,99.0611,4,BATCH_001,Normal
10,2024-01-01 17:00:00,101.0851,5,BATCH_001,Normal
11,2024-01-01 18:00:00,99.0732,1,BATCH_001,Normal
12,2024-01-01 19:00:00,99.0685,2,BATCH_001,Normal
13,2024-01-01 20:00:00,100.4839,3,BATCH_001,Normal
14,2024-01-01 21:00:00,96.1734,4,BATCH_001,Normal
15,2024-01-01 22:00:00,96.5502,5,BATCH_001,Normal
16,2024-01-01 23:00:00,98.8754,1,BATCH_001,Normal
17,2024-01-02 00:00:00,97.9743,2,BATCH_001,Normal
18,2024-01-02 01:00:00,100.6285,3,BATCH_001,Normal
19,2024-01-02 02:00:00,98.184,4,BATCH_001,Normal
20,2024-01-02 03:00:00,97.1754,5,BATCH_001,Normal
21,2024-01-02 04:00:00,102.9313,1,BATCH_001,Normal
22,2024-01-02 05:00:00,99.5484,2,BATCH_001,Normal
23,2024-01-02 06:00:00,100.1351,3,BATCH_001,Normal
24,2024-01-02 07:00:00,97.1505,4,BATCH_001,Normal
25,2024-01-02 08:00:00,98.9112,5,BATCH_001,Normal
26,2024-01-02 09:00:00,100.2218,1,BATCH_001,Normal
27,2024-01-02 10:00:00,97.698,2,BATCH_001,Normal
28,2024-01-02 11:00:00,100.7514,3,BATCH_001,Normal
29,2024-01-02 12:00:00,98.7987,4,BATCH_001,Normal
30,2024-01-02 13:00:00,99.4166,5,BATCH_001,Normal
31,2024-01-02 14:00:00,98.7966,1,BATCH_001,Normal
32,2024-01-02 15:00:00,103.7046,2,BATCH_001,Normal
33,2024-01-02 16:00:00,99.973,3,BATCH_001,Normal
34,2024-01-02 17:00:00,97.8846,4,BATCH_001,Normal
35,2024-01-02 18:00:00,101.6451,5,BATCH_001,Normal
36,2024-01-02 19:00:00,97.5583,1,BATCH_001,Normal
37,2024-01-02 20:00:00,100.4177,2,BATCH_001,Normal
38,2024-01-02 21:00:00,96.0807,3,BATCH_001,Normal
39,2024-01-02 22:00:00,97.3436,4,BATCH_001,Normal
40,2024-01-02 23:00:00,100.3937,5,BATCH_001,Normal
41,2024-01-03 00:00:00,101.4769,1,BATCH_001,Normal
42,2024-01-03 01:00:00,100.3427,2,BATCH_001,Normal
43,2024-01-03 02:00:00,99.7687,3,BATCH_001,Normal
44,2024-01-03 03:00:00,99.3978,4,BATCH_001,Normal
45,2024-01-03 04:00:00,97.043,5,BATCH_001,Normal
46,2024-01-03 05:00:00,98.5603,1,BATCH_001,Normal
47,2024-01-03 06:00:00,99.0787,2,BATCH_001,Normal
48,2024-01-03 07:00:00,102.1142,3,BATCH_001,Normal
49,2024-01-03 08:00:00,100.6872,4,BATCH_001,Normal
50,2024-01-03 09:00:00,96.4739,5,BATCH_001,Normal
51,2024-01-03 10:00:00,100.6482,1,BATCH_002,Normal
52,2024-01-03 11:00:00,99.2298,2,BATCH_002,Normal
53,2024-01-03 12:00:00,98.6462,3,BATCH_002,Normal
54,2024-01-03 13:00:00,101.2234,4,BATCH_002,Normal
55,2024-01-03 14:00:00,102.062,5,BATCH_002,Normal
56,2024-01-03 15:00:00,101.8626,1,BATCH_002,Normal
57,2024-01-03 16:00:00,98.3216,2,BATCH_002,Normal
58,2024-01-03 17:00:00,99.3816,3,BATCH_002,Normal
59,2024-01-03 18:00:00,100.6625,4,BATCH_002,Normal
60,2024-01-03 19:00:00,101.9511,5,BATCH_002,Normal
61,2024-01-03 20:00:00,99.0417,1,BATCH_002,Normal
62,2024-01-03 21:00:00,99.6287,2,BATCH_002,Normal
63,2024-01-03 22:00:00,97.7873,3,BATCH_002,Normal
64,2024-01-03 23:00:00,97.6076,4,BATCH_002,Normal
65,2024-01-04 00:00:00,101.6251,5,BATCH_002,Normal
66,2024-01-04 01:00:00,102.7125,1,BATCH_002,Normal
67,2024-01-04 02:00:00,99.856,2,BATCH_002,Normal
68,2024-01-04 03:00:00,102.0071,3,BATCH_002,Normal
69,2024-01-04 04:00:00,100.7233,4,BATCH_002,Normal
70,2024-01-04 05:00:00,98.7098,5,BATCH_002,Normal
71,2024-01-04 06:00:00,100.7228,1,BATCH_002,Normal
72,2024-01-04 07:00:00,103.0761,2,BATCH_002,Normal
73,2024-01-04 08:00:00,99.9283,3,BATCH_002,Normal
74,2024-01-04 09:00:00,103.1293,4,BATCH_002,Normal
75,2024-01-04 10:00:00,94.7605,5,BATCH_002,Normal
76,2024-01-04 11:00:00,101.6438,1,BATCH_002,Normal
77,2024-01-04 12:00:00,100.1741,2,BATCH_002,Normal
78,2024-01-04 13:00:00,99.402,3,BATCH_002,Normal
79,2024-01-04 14:00:00,100.1835,4,BATCH_002,Normal
80,2024-01-04 15:00:00,96.0249,5,BATCH_002,Normal
81,2024-01-04 16:00:00,99.5607,1,BATCH_002,Normal
82,2024-01-04 17:00:00,100.7142,2,BATCH_002,Normal
83,2024-01-04 18:00:00,102.9558,3,BATCH_002,Normal
84,2024-01-04 19:00:00,98.9635,4,BATCH_002,Normal
85,2024-01-04 20:00:00,98.383,5,BATCH_002,Normal
86,2024-01-04 21:00:00,98.9965,1,BATCH_002,Normal
87,2024-01-04 22:00:00,101.8308,2,BATCH_002,Normal
88,2024-01-04 23:00:00,100.6575,3,BATCH_002,Normal
89,2024-01-05 00:00:00,98.9405,4,BATCH_002,Normal
90,2024-01-05 01:00:00,101.0265,5,BATCH_002,Normal
91,2024-01-05 02:00:00,100.1942,1,BATCH_002,Normal
92,2024-01-05 03:00:00,101.9373,2,BATCH_002,Normal
93,2024-01-05 04:00:00,98.5959,3,BATCH_002,Normal
94,2024-01-05 05:00:00,99.3447,4,BATCH_002,Normal
95,2024-01-05 06:00:00,99.2158,5,BATCH_002,Normal
96,2024-01-05 07:00:00,97.073,1,BATCH_002,Normal
97,2024-01-05 08:00:00,100.5922,2,BATCH_002,Normal
98,2024-01-05 09:00:00,100.5221,3,BATCH_002,Normal
99,2024-01-05 10:00:00,100.0102,4,BATCH_002,Normal
100,2024-01-05 11:00:00,99.5308,5,BATCH_002,Normal
101,2024-01-05 12:00:00,96.8862,1,BATCH_003,Trend_Up
102,2024-01-05 13:00:00,99.1246,2,BATCH_003,Trend_Up
103,2024-01-05 14:00:00,99.346,3,BATCH_003,Trend_Up
104,2024-01-05 15:00:00,98.385,4,BATCH_003,Trend_Up
105,2024-01-05 16:00:00,99.8452,5,BATCH_003,Trend_Up
106,2024-01-05 17:00:00,101.1389,1,BATCH_003,Trend_Up
107,2024-01-05 18:00:00,104.4496,2,BATCH_003,Trend_Up
108,2024-01-05 19:00:00,100.7341,3,BATCH_003,Trend_Up
109,2024-01-05 20:00:00,100.9666,4,BATCH_003,Trend_Up
110,2024-01-05 21:00:00,100.2862,5,BATCH_003,Trend_Up
111,2024-01-05 22:00:00,96.2787,1,BATCH_003,Trend_Up
112,2024-01-05 23:00:00,100.4917,2,BATCH_003,Trend_Up
113,2024-01-06 00:00:00,100.7325,3,BATCH_003,Trend_Up
114,2024-01-06 01:00:00,106.0691,4,BATCH_003,Trend_Up
115,2024-01-06 02:00:00,100.2768,5,BATCH_003,Trend_Up
116,2024-01-06 03:00:00,101.4134,1,BATCH_003,Trend_Up
117,2024-01-06 04:00:00,100.7236,2,BATCH_003,Trend_Up
118,2024-01-06 05:00:00,98.2789,3,BATCH_003,Trend_Up
119,2024-01-06 06:00:00,103.4142,4,BATCH_003,Trend_Up
120,2024-01-06 07:00:00,102.6043,5,BATCH_003,Trend_Up
121,2024-01-06 08:00:00,102.7403,1,BATCH_003,Trend_Up
122,2024-01-06 09:00:00,99.0493,2,BATCH_003,Trend_Up
123,2024-01-06 10:00:00,104.1861,3,BATCH_003,Trend_Up
124,2024-01-06 11:00:00,98.0659,4,BATCH_003,Trend_Up
125,2024-01-06 12:00:00,102.4911,5,BATCH_003,Trend_Up
126,2024-01-06 13:00:00,106.069,1,BATCH_003,Trend_Up
127,2024-01-06 14:00:00,99.1208,2,BATCH_003,Trend_Up
128,2024-01-06 15:00:00,100.1041,3,BATCH_003,Trend_Up
129,2024-01-06 16:00:00,101.6192,4,BATCH_003,Trend_Up
130,2024-01-06 17:00:00,100.3424,5,BATCH_003,Trend_Up
131,2024-01-06 18:00:00,98.0885,1,BATCH_003,Trend_Up
132,2024-01-06 19:00:00,101.7008,2,BATCH_003,Trend_Up
133,2024-01-06 20:00:00,99.2629,3,BATCH_003,Trend_Up
134,2024-01-06 21:00:00,102.6919,4,BATCH_003,Trend_Up
135,2024-01-06 22:00:00,99.6773,5,BATCH_003,Trend_Up
136,2024-01-06 23:00:00,105.1599,1,BATCH_003,Trend_Up
137,2024-01-07 00:00:00,100.0768,2,BATCH_003,Trend_Up
138,2024-01-07 01:00:00,101.1415,3,BATCH_003,Trend_Up
139,2024-01-07 02:00:00,103.6897,4,BATCH_003,Trend_Up
140,2024-01-07 03:00:00,99.2421,5,BATCH_003,Trend_Up
141,2024-01-07 04:00:00,102.5004,1,BATCH_003,Trend_Up
142,2024-01-07 05:00:00,104.9257,2,BATCH_003,Trend_Up
143,2024-01-07 06:00:00,98.5635,3,BATCH_003,Trend_Up
144,2024-01-07 07:00:00,102.5562,4,BATCH_003,Trend_Up
145,2024-01-07 08:00:00,102.7717,5,BATCH_003,Trend_Up
146,2024-01-07 09:00:00,103.97,1,BATCH_003,Trend_Up
147,2024-01-07 10:00:00,99.5787,2,BATCH_003,Trend_Up
148,2024-01-07 11:00:00,99.445,3,BATCH_003,Trend_Up
149,2024-01-07 12:00:00,103.5483,4,BATCH_003,Trend_Up
150,2024-01-07 13:00:00,103.1034,5,BATCH_003,Trend_Up
151,2024-01-07 14:00:00,103.0511,1,BATCH_004,Trend_Up
152,2024-01-07 15:00:00,103.3122,2,BATCH_004,Trend_Up
153,2024-01-07 16:00:00,101.1039,3,BATCH_004,Trend_Up
154,2024-01-07 17:00:00,103.161,4,BATCH_004,Trend_Up
155,2024-01-07 18:00:00,103.3448,5,BATCH_004,Trend_Up
156,2024-01-07 19:00:00,101.1784,1,BATCH_004,Trend_Up
157,2024-01-07 20:00:00,106.9047,2,BATCH_004,Trend_Up
158,2024-01-07 21:00:00,103.8924,3,BATCH_004,Trend_Up
159,2024-01-07 22:00:00,100.2791,4,BATCH_004,Trend_Up
160,2024-01-07 23:00:00,104.3944,5,BATCH_004,Trend_Up
161,2024-01-08 00:00:00,100.8557,1,BATCH_004,Trend_Up
162,2024-01-08 01:00:00,104.7816,2,BATCH_004,Trend_Up
163,2024-01-08 02:00:00,105.6489,3,BATCH_004,Trend_Up
164,2024-01-08 03:00:00,101.3445,4,BATCH_004,Trend_Up
165,2024-01-08 04:00:00,105.3194,5,BATCH_004,Trend_Up
166,2024-01-08 05:00:00,104.1581,1,BATCH_004,Trend_Up
167,2024-01-08 06:00:00,105.1085,2,BATCH_004,Trend_Up
168,2024-01-08 07:00:00,107.5229,3,BATCH_004,Trend_Up
169,2024-01-08 08:00:00,102.8601,4,BATCH_004,Trend_Up
170,2024-01-08 09:00:00,101.7918,5,BATCH_004,Trend_Up
171,2024-01-08 10:00:00,101.5431,1,BATCH_004,Trend_Up
172,2024-01-08 11:00:00,101.7552,2,BATCH_004,Trend_Up
173,2024-01-08 12:00:00,103.4304,3,BATCH_004,Trend_Up
174,2024-01-08 13:00:00,104.4005,4,BATCH_004,Trend_Up
175,2024-01-08 14:00:00,104.3087,5,BATCH_004,Trend_Up
176,2024-01-08 15:00:00,105.5698,1,BATCH_004,Trend_Up
177,2024-01-08 16:00:00,103.8286,2,BATCH_004,Trend_Up
178,2024-01-08 17:00:00,107.0478,3,BATCH_004,Trend_Up
179,2024-01-08 18:00:00,103.3178,4,BATCH_004,Trend_Up
180,2024-01-08 19:00:00,109.9344,5,BATCH_004,Trend_Up
181,2024-01-08 20:00:00,105.3765,1,BATCH_004,Trend_Up
182,2024-01-08 21:00:00,102.1643,2,BATCH_004,Trend_Up
183,2024-01-08 22:00:00,101.744,3,BATCH_004,Trend_Up
184,2024-01-08 23:00:00,105.2114,4,BATCH_004,Trend_Up
185,2024-01-09 00:00:00,103.7084,5,BATCH_004,Trend_Up
186,2024-01-09 01:00:00,105.8208,1,BATCH_004,Trend_Up
187,2024-01-09 02:00:00,105.3411,2,BATCH_004,Trend_Up
188,2024-01-09 03:00:00,104.1898,3,BATCH_004,Trend_Up
189,2024-01-09 04:00:00,102.5371,4,BATCH_004,Trend_Up
190,2024-01-09 05:00:00,101.1173,5,BATCH_004,Trend_Up
191,2024-01-09 06:00:00,103.5177,1,BATCH_004,Trend_Up
192,2024-01-09 07:00:00,106.4341,2,BATCH_004,Trend_Up
193,2024-01-09 08:00:00,105.071,3,BATCH_004,Trend_Up
194,2024-01-09 09:00:00,101.9094,4,BATCH_004,Trend_Up
195,2024-01-09 10:00:00,105.081,5,BATCH_004,Trend_Up
196,2024-01-09 11:00:00,105.5977,1,BATCH_004,Trend_Up
197,2024-01-09 12:00:00,102.8555,2,BATCH_004,Trend_Up
198,2024-01-09 13:00:00,105.1882,3,BATCH_004,Trend_Up
199,2024-01-09 14:00:00,105.0281,4,BATCH_004,Trend_Up
200,2024-01-09 15:00:00,102.4355,5,BATCH_004,Trend_Up
201,2024-01-09 16:00:00,104.7156,1,BATCH_005,Shifted_Up
202,2024-01-09 17:00:00,105.1216,2,BATCH_005,Shifted_Up
203,2024-01-09 18:00:00,106.1661,3,BATCH_005,Shifted_Up
204,2024-01-09 19:00:00,106.1076,4,BATCH_005,Shifted_Up
205,2024-01-09 20:00:00,101.2447,5,BATCH_005,Shifted_Up
206,2024-01-09 21:00:00,102.1243,1,BATCH_005,Shifted_Up
207,2024-01-09 22:00:00,105.0301,2,BATCH_005,Shifted_Up
208,2024-01-09 23:00:00,105.0276,3,BATCH_005,Shifted_Up
209,2024-01-10 00:00:00,105.0301,4,BATCH_005,Shifted_Up
210,2024-01-10 01:00:00,111.7055,5,BATCH_005,Shifted_Up
211,2024-01-10 02:00:00,105.1418,1,BATCH_005,Shifted_Up
212,2024-01-10 03:00:00,106.2711,2,BATCH_005,Shifted_Up
213,2024-01-10 04:00:00,105.908,3,BATCH_005,Shifted_Up
214,2024-01-10 05:00:00,105.3028,4,BATCH_005,Shifted_Up
215,2024-01-10 06:00:00,103.3695,5,BATCH_005,Shifted_Up
216,2024-01-10 07:00:00,105.5179,1,BATCH_005,Shifted_Up
217,2024-01-10 08:00:00,102.4543,2,BATCH_005,Shifted_Up
218,2024-01-10 09:00:00,103.5264,3,BATCH_005,Shifted_Up
219,2024-01-10 10:00:00,103.0293,4,BATCH_005,Shifted_Up
220,2024-01-10 11:00:00,104.1637,5,BATCH_005,Shifted_Up
221,2024-01-10 12:00:00,108.6293,1,BATCH_005,Shifted_Up
222,2024-01-10 13:00:00,100.2655,2,BATCH_005,Shifted_Up
223,2024-01-10 14:00:00,105.3725,3,BATCH_005,Shifted_Up
224,2024-01-10 15:00:00,100.7746,4,BATCH_005,Shifted_Up
225,2024-01-10 16:00:00,103.0561,5,BATCH_005,Shifted_Up
226,2024-01-10 17:00:00,106.1779,1,BATCH_005,Shifted_Up
227,2024-01-10 18:00:00,104.1286,2,BATCH_005,Shifted_Up
228,2024-01-10 19:00:00,101.8445,3,BATCH_005,Shifted_Up
229,2024-01-10 20:00:00,102.5694,4,BATCH_005,Shifted_Up
230,2024-01-10 21:00:00,105.3592,5,BATCH_005,Shifted_Up
231,2024-01-10 22:00:00,102.5393,1,BATCH_005,Shifted_Up
232,2024-01-10 23:00:00,104.4329,2,BATCH_005,Shifted_Up
233,2024-01-11 00:00:00,104.0911,3,BATCH_005,Shifted_Up
234,2024-01-11 01:00:00,102.6968,4,BATCH_005,Shifted_Up
235,2024-01-11 02:00:00,108.2879,5,BATCH_005,Shifted_Up
236,2024-01-11 03:00:00,105.2678,1,BATCH_005,Shifted_Up
237,2024-01-11 04:00:00,99.9497,2,BATCH_005,Shifted_Up
238,2024-01-11 05:00:00,104.3729,3,BATCH_005,Shifted_Up
239,2024-01-11 06:00:00,102.6764,4,BATCH_005,Shifted_Up
240,2024-01-11 07:00:00,105.7049,5,BATCH_005,Shifted_Up
241,2024-01-11 08:00:00,102.415,1,BATCH_005,Shifted_Up
242,2024-01-11 09:00:00,103.7705,2,BATCH_005,Shifted_Up
243,2024-01-11 10:00:00,105.01,3,BATCH_005,Shifted_Up
244,2024-01-11 11:00:00,105.7315,4,BATCH_005,Shifted_Up
245,2024-01-11 12:00:00,101.5994,5,BATCH_005,Shifted_Up
246,2024-01-11 13:00:00,103.331,1,BATCH_005,Shifted_Up
247,2024-01-11 14:00:00,103.0501,2,BATCH_005,Shifted_Up
248,2024-01-11 15:00:00,102.6933,3,BATCH_005,Shifted_Up
249,2024-01-11 16:00:00,107.5309,4,BATCH_005,Shifted_Up
250,2024-01-11 17:00:00,104.81,5,BATCH_005,Shifted_Up
251,2024-01-11 18:00:00,101.4782,1,BATCH_006,Shifted_Up
252,2024-01-11 19:00:00,105.8357,2,BATCH_006,Shifted_Up
253,2024-01-11 20:00:00,108.2443,3,BATCH_006,Shifted_Up
254,2024-01-11 21:00:00,106.0649,4,BATCH_006,Shifted_Up
255,2024-01-11 22:00:00,100.9613,5,BATCH_006,Shifted_Up
256,2024-01-11 23:00:00,103.0315,1,BATCH_006,Shifted_Up
257,2024-01-12 00:00:00,106.5338,2,BATCH_006,Shifted_Up
258,2024-01-12 01:00:00,102.5847,3,BATCH_006,Shifted_Up
259,2024-01-12 02:00:00,104.8876,4,BATCH_006,Shifted_Up
260,2024-01-12 03:00:00,105.5493,5,BATCH_006,Shifted_Up
261,2024-01-12 04:00:00,102.1461,1,BATCH_006,Shifted_Up
262,2024-01-12 05:00:00,103.8809,2,BATCH_006,Shifted_Up
263,2024-01-12 06:00:00,97.5175,3,BATCH_006,Shifted_Up
264,2024-01-12 07:00:00,101.9512,4,BATCH_006,Shifted_Up
265,2024-01-12 08:00:00,103.4949,5,BATCH_006,Shifted_Up
266,2024-01-12 09:00:00,101.5044,1,BATCH_006,Shifted_Up
267,2024-01-12 10:00:00,107.2648,2,BATCH_006,Shifted_Up
268,2024-01-12 11:00:00,101.1397,3,BATCH_006,Shifted_Up
269,2024-01-12 12:00:00,103.1199,4,BATCH_006,Shifted_Up
270,2024-01-12 13:00:00,104.2615,5,BATCH_006,Shifted_Up
271,2024-01-12 14:00:00,106.8825,1,BATCH_006,Shifted_Up
272,2024-01-12 15:00:00,101.1283,2,BATCH_006,Shifted_Up
273,2024-01-12 16:00:00,106.3263,3,BATCH_006,Shifted_Up
274,2024-01-12 17:00:00,104.0205,4,BATCH_006,Shifted_Up
275,2024-01-12 18:00:00,102.037,5,BATCH_006,Shifted_Up
276,2024-01-12 19:00:00,104.9242,1,BATCH_006,Shifted_Up
277,2024-01-12 20:00:00,104.3981,2,BATCH_006,Shifted_Up
278,2024-01-12 21:00:00,102.7996,3,BATCH_006,Shifted_Up
279,2024-01-12 22:00:00,104.1396,4,BATCH_006,Shifted_Up
280,2024-01-12 23:00:00,103.2294,5,BATCH_006,Shifted_Up
281,2024-01-13 00:00:00,104.227,1,BATCH_006,Shifted_Up
282,2024-01-13 01:00:00,105.3243,2,BATCH_006,Shifted_Up
283,2024-01-13 02:00:00,107.172,3,BATCH_006,Shifted_Up
284,2024-01-13 03:00:00,101.5244,4,BATCH_006,Shifted_Up
285,2024-01-13 04:00:00,108.2661,5,BATCH_006,Shifted_Up
286,2024-01-13 05:00:00,100.0958,1,BATCH_006,Shifted_Up
287,2024-01-13 06:00:00,103.6964,2,BATCH_006,Shifted_Up
288,2024-01-13 07:00:00,105.1766,3,BATCH_006,Shifted_Up
289,2024-01-13 08:00:00,104.562,4,BATCH_006,Shifted_Up
290,2024-01-13 09:00:00,102.7546,5,BATCH_006,Shifted_Up
291,2024-01-13 10:00:00,103.5838,1,BATCH_006,Shifted_Up
292,2024-01-13 11:00:00,103.014,2,BATCH_006,Shifted_Up
293,2024-01-13 12:00:00,102.8213,3,BATCH_006,Shifted_Up
294,2024-01-13 13:00:00,105.6992,4,BATCH_006,Shifted_Up
295,2024-01-13 14:00:00,104.714,5,BATCH_006,Shifted_Up
296,2024-01-13 15:00:00,102.6142,1,BATCH_006,Shifted_Up
297,2024-01-13 16:00:00,105.7992,2,BATCH_006,Shifted_Up
298,2024-01-13 17:00:00,104.6146,3,BATCH_006,Shifted_Up
299,2024-01-13 18:00:00,105.6257,4,BATCH_006,Shifted_Up
300,2024-01-13 19:00:00,105.2593,5,BATCH_006,Shifted_Up
301,2024-01-13 20:00:00,102.342,1,BATCH_007,Shifted_Up
302,2024-01-13 21:00:00,102.8796,2,BATCH_007,Shifted_Up
303,2024-01-13 22:00:00,105.4946,3,BATCH_007,Shifted_Up
304,2024-01-13 23:00:00,105.2207,4,BATCH_007,Shifted_Up
305,2024-01-14 00:00:00,103.9582,5,BATCH_007,Shifted_Up
306,2024-01-14 01:00:00,104.2347,1,BATCH_007,Shifted_Up
307,2024-01-14 02:00:00,106.5553,2,BATCH_007,Shifted_Up
308,2024-01-14 03:00:00,102.8169,3,BATCH_007,Shifted_Up
309,2024-01-14 04:00:00,105.0942,4,BATCH_007,Shifted_Up
310,2024-01-14 05:00:00,103.5956,5,BATCH_007,Shifted_Up
311,2024-01-14 06:00:00,103.5646,1,BATCH_007,Shifted_Up
312,2024-01-14 07:00:00,106.1976,2,BATCH_007,Shifted_Up
313,2024-01-14 08:00:00,105.6508,3,BATCH_007,Shifted_Up
314,2024-01-14 09:00:00,105.627,4,BATCH_007,Shifted_Up
315,2024-01-14 10:00:00,106.611,5,BATCH_007,Shifted_Up
316,2024-01-14 11:00:00,104.042,1,BATCH_007,Shifted_Up
317,2024-01-14 12:00:00,105.3639,2,BATCH_007,Shifted_Up
318,2024-01-14 13:00:00,103.3795,3,BATCH_007,Shifted_Up
319,2024-01-14 14:00:00,104.6483,4,BATCH_007,Shifted_Up
320,2024-01-14 15:00:00,103.7397,5,BATCH_007,Shifted_Up
321,2024-01-14 16:00:00,104.194,1,BATCH_007,Shifted_Up
322,2024-01-14 17:00:00,105.1903,2,BATCH_007,Shifted_Up
323,2024-01-14 18:00:00,102.3636,3,BATCH_007,Shifted_Up
324,2024-01-14 19:00:00,108.1848,4,BATCH_007,Shifted_Up
325,2024-01-14 20:00:00,101.988,5,BATCH_007,Shifted_Up
326,2024-01-14 21:00:00,101.5716,1,BATCH_007,Shifted_Up
327,2024-01-14 22:00:00,106.3162,2,BATCH_007,Shifted_Up
328,2024-01-14 23:00:00,105.5833,3,BATCH_007,Shifted_Up
329,2024-01-15 00:00:00,105.2482,4,BATCH_007,Shifted_Up
330,2024-01-15 01:00:00,105.2567,5,BATCH_007,Shifted_Up
331,2024-01-15 02:00:00,103.9755,1,BATCH_007,Shifted_Up
332,2024-01-15 03:00:00,102.2055,2,BATCH_007,Shifted_Up
333,2024-01-15 04:00:00,104.1516,3,BATCH_007,Shifted_Up
334,2024-01-15 05:00:00,102.6457,4,BATCH_007,Shifted_Up
335,2024-01-15 06:00:00,105.9502,5,BATCH_007,Shifted_Up
336,2024-01-15 07:00:00,103.7059,1,BATCH_007,Shifted_Up
337,2024-01-15 08:00:00,102.349,2,BATCH_007,Shifted_Up
338,2024-01-15 09:00:00,103.3572,3,BATCH_007,Shifted_Up
339,2024-01-15 10:00:00,104.8259,4,BATCH_007,Shifted_Up
340,2024-01-15 11:00:00,102.8726,5,BATCH_007,Shifted_Up
341,2024-01-15 12:00:00,102.3556,1,BATCH_007,Shifted_Up
342,2024-01-15 13:00:00,104.4874,2,BATCH_007,Shifted_Up
343,2024-01-15 14:00:00,104.4899,3,BATCH_007,Shifted_Up
344,2024-01-15 15:00:00,102.9861,4,BATCH_007,Shifted_Up
345,2024-01-15 16:00:00,103.0579,5,BATCH_007,Shifted_Up
346,2024-01-15 17:00:00,104.4641,1,BATCH_007,Shifted_Up
347,2024-01-15 18:00:00,101.1038,2,BATCH_007,Shifted_Up
348,2024-01-15 19:00:00,101.1851,3,BATCH_007,Shifted_Up
349,2024-01-15 20:00:00,102.5631,4,BATCH_007,Shifted_Up
350,2024-01-15 21:00:00,103.5731,5,BATCH_007,Shifted_Up
351,2024-01-15 22:00:00,106.5596,1,BATCH_008,Major_Shift
352,2024-01-15 23:00:00,108.6556,2,BATCH_008,Major_Shift
353,2024-01-16 00:00:00,107.5438,3,BATCH_008,Major_Shift
354,2024-01-16 01:00:00,105.7121,4,BATCH_008,Major_Shift
355,2024-01-16 02:00:00,105.9658,5,BATCH_008,Major_Shift
356,2024-01-16 03:00:00,104.1954,1,BATCH_008,Major_Shift
357,2024-01-16 04:00:00,105.9667,2,BATCH_008,Major_Shift
358,2024-01-16 05:00:00,105.4804,3,BATCH_008,Major_Shift
359,2024-01-16 06:00:00,106.5809,4,BATCH_008,Major_Shift
360,2024-01-16 07:00:00,104.511,5,BATCH_008,Major_Shift
361,2024-01-16 08:00:00,106.9348,1,BATCH_008,Major_Shift
362,2024-01-16 09:00:00,108.7589,2,BATCH_008,Major_Shift
363,2024-01-16 10:00:00,105.8042,3,BATCH_008,Major_Shift
364,2024-01-16 11:00:00,106.7231,4,BATCH_008,Major_Shift
365,2024-01-16 12:00:00,107.2423,5,BATCH_008,Major_Shift
366,2024-01-16 13:00:00,105.2778,1,BATCH_008,Major_Shift
367,2024-01-16 14:00:00,106.4034,2,BATCH_008,Major_Shift
368,2024-01-16 15:00:00,106.0227,3,BATCH_008,Major_Shift
369,2024-01-16 16:00:00,106.1758,4,BATCH_008,Major_Shift
370,2024-01-16 17:00:00,104.6086,5,BATCH_008,Major_Shift
371,2024-01-16 18:00:00,106.0441,1,BATCH_008,Major_Shift
372,2024-01-16 19:00:00,106.8964,2,BATCH_008,Major_Shift
373,2024-01-16 20:00:00,108.6121,3,BATCH_008,Major_Shift
374,2024-01-16 21:00:00,107.7267,4,BATCH_008,Major_Shift
375,2024-01-16 22:00:00,109.8757,5,BATCH_008,Major_Shift
376,2024-01-16 23:00:00,104.6188,1,BATCH_008,Major_Shift
377,2024-01-17 00:00:00,107.5702,2,BATCH_008,Major_Shift
378,2024-01-17 01:00:00,106.33,3,BATCH_008,Major_Shift
379,2024-01-17 02:00:00,109.9416,4,BATCH_008,Major_Shift
380,2024-01-17 03:00:00,104.5451,5,BATCH_008,Major_Shift
381,2024-01-17 04:00:00,104.4885,1,BATCH_008,Major_Shift
382,2024-01-17 05:00:00,104.9211,2,BATCH_008,Major_Shift
383,2024-01-17 06:00:00,102.177,3,BATCH_008,Major_Shift
384,2024-01-17 07:00:00,105.0536,4,BATCH_008,Major_Shift
385,2024-01-17 08:00:00,104.6336,5,BATCH_008,Major_Shift
386,2024-01-17 09:00:00,106.2707,1,BATCH_008,Major_Shift
387,2024-01-17 10:00:00,106.6152,2,BATCH_008,Major_Shift
388,2024-01-17 11:00:00,109.3771,3,BATCH_008,Major_Shift
389,2024-01-17 12:00:00,107.7108,4,BATCH_008,Major_Shift
390,2024-01-17 13:00:00,104.9616,5,BATCH_008,Major_Shift
391,2024-01-17 14:00:00,104.3829,1,BATCH_008,Major_Shift
392,2024-01-17 15:00:00,106.8855,2,BATCH_008,Major_Shift
393,2024-01-17 16:00:00,103.6236,3,BATCH_008,Major_Shift
394,2024-01-17 17:00:00,109.2966,4,BATCH_008,Major_Shift
395,2024-01-17 18:00:00,108.123,5,BATCH_008,Major_Shift
396,2024-01-17 19:00:00,105.1555,1,BATCH_008,Major_Shift
397,2024-01-17 20:00:00,102.9164,2,BATCH_008,Major_Shift
398,2024-01-17 21:00:00,108.437,3,BATCH_008,Major_Shift
399,2024-01-17 22:00:00,105.7938,4,BATCH_008,Major_Shift
400,2024-01-17 23:00:00,108.2281,5,BATCH_008,Major_Shift
401,2024-01-18 00:00:00,103.13,1,BATCH_009,Major_Shift
402,2024-01-18 01:00:00,104.9211,2,BATCH_009,Major_Shift
403,2024-01-18 02:00:00,106.0094,3,BATCH_009,Major_Shift
404,2024-01-18 03:00:00,106.0846,4,BATCH_009,Major_Shift
405,2024-01-18 04:00:00,105.1899,5,BATCH_009,Major_Shift
406,2024-01-18 05:00:00,107.1211,1,BATCH_009,Major_Shift
407,2024-01-18 06:00:00,104.0783,2,BATCH_009,Major_Shift
408,2024-01-18 07:00:00,105.7437,3,BATCH_009,Major_Shift
409,2024-01-18 08:00:00,106.2165,4,BATCH_009,Major_Shift
410,2024-01-18 09:00:00,106.926,5,BATCH_009,Major_Shift
411,2024-01-18 10:00:00,107.2809,1,BATCH_009,Major_Shift
412,2024-01-18 11:00:00,103.9756,2,BATCH_009,Major_Shift
413,2024-01-18 12:00:00,103.2386,3,BATCH_009,Major_Shift
414,2024-01-18 13:00:00,108.2998,4,BATCH_009,Major_Shift
415,2024-01-18 14:00:00,106.5982,5,BATCH_009,Major_Shift
416,2024-01-18 15:00:00,104.6527,1,BATCH_009,Major_Shift
417,2024-01-18 16:00:00,108.7921,2,BATCH_009,Major_Shift
418,2024-01-18 17:00:00,106.2082,3,BATCH_009,Major_Shift
419,2024-01-18 18:00:00,108.1227,4,BATCH_009,Major_Shift
420,2024-01-18 19:00:00,106.1215,5,BATCH_009,Major_Shift
421,2024-01-18 20:00:00,109.7093,1,BATCH_009,Major_Shift
422,2024-01-18 21:00:00,109.1596,2,BATCH_009,Major_Shift
423,2024-01-18 22:00:00,105.5519,3,BATCH_009,Major_Shift
424,2024-01-18 23:00:00,107.7488,4,BATCH_009,Major_Shift
425,2024-01-19 00:00:00,107.1617,5,BATCH_009,Major_Shift
426,2024-01-19 01:00:00,108.4635,1,BATCH_009,Major_Shift
427,2024-01-19 02:00:00,104.2631,2,BATCH_009,Major_Shift
428,2024-01-19 03:00:00,107.2349,3,BATCH_009,Major_Shift
429,2024-01-19 04:00:00,107.9052,4,BATCH_009,Major_Shift
430,2024-01-19 05:00:00,102.8343,5,BATCH_009,Major_Shift
431,2024-01-19 06:00:00,103.8701,1,BATCH_009,Major_Shift
432,2024-01-19 07:00:00,102.3294,2,BATCH_009,Major_Shift
433,2024-01-19 08:00:00,105.5151,3,BATCH_009,Major_Shift
434,2024-01-19 09:00:00,107.2916,4,BATCH_009,Major_Shift
435,2024-01-19 10:00:00,108.7042,5,BATCH_009,Major_Shift
436,2024-01-19 11:00:00,106.1334,1,BATCH_009,Major_Shift
437,2024-01-19 12:00:00,108.9315,2,BATCH_009,Major_Shift
438,2024-01-19 13:00:00,103.5158,3,BATCH_009,Major_Shift
439,2024-01-19 14:00:00,102.9339,4,BATCH_009,Major_Shift
440,2024-01-19 15:00:00,105.9,5,BATCH_009,Major_Shift
441,2024-01-19 16:00:00,106.6913,1,BATCH_009,Major_Shift
442,2024-01-19 17:00:00,105.9411,2,BATCH_009,Major_Shift
443,2024-01-19 18:00:00,102.2786,3,BATCH_009,Major_Shift
444,2024-01-19 19:00:00,105.8396,4,BATCH_009,Major_Shift
445,2024-01-19 20:00:00,103.652,5,BATCH_009,Major_Shift
446,2024-01-19 21:00:00,107.2054,1,BATCH_009,Major_Shift
447,2024-01-19 22:00:00,106.6599,2,BATCH_009,Major_Shift
448,2024-01-19 23:00:00,104.3082,3,BATCH_009,Major_Shift
449,2024-01-20 00:00:00,105.075,4,BATCH_009,Major_Shift
450,2024-01-20 01:00:00,104.0934,5,BATCH_009,Major_Shift
451,2024-01-20 02:00:00,101.7493,1,BATCH_010,High_Variability
452,2024-01-20 03:00:00,105.8206,2,BATCH_010,High_Variability
453,2024-01-20 04:00:00,98.0571,3,BATCH_010,High_Variability
454,2024-01-20 05:00:00,104.0162,4,BATCH_010,High_Variability
455,2024-01-20 06:00:00,99.879,5,BATCH_010,High_Variability
456,2024-01-20 07:00:00,98.8285,1,BATCH_010,High_Variability
457,2024-01-20 08:00:00,101.5719,2,BATCH_010,High_Variability
458,2024-01-20 09:00:00,97.859,3,BATCH_010,High_Variability
459,2024-01-20 10:00:00,99.7854,4,BATCH_010,High_Variability
460,2024-01-20 11:00:00,97.2085,5,BATCH_010,High_Variability
461,2024-01-20 12:00:00,109.8589,1,BATCH_010,High_Variability
462,2024-01-20 13:00:00,102.1411,2,BATCH_010,High_Variability
463,2024-01-20 14:00:00,99.2011,3,BATCH_010,High_Variability
464,2024-01-20 15:00:00,102.8559,4,BATCH_010,High_Variability
465,2024-01-20 16:00:00,101.5507,5,BATCH_010,High_Variability
466,2024-01-20 17:00:00,101.1161,1,BATCH_010,High_Variability
467,2024-01-20 18:00:00,104.4567,2,BATCH_010,High_Variability
468,2024-01-20 19:00:00,105.03,3,BATCH_010,High_Variability
469,2024-01-20 20:00:00,99.878,4,BATCH_010,High_Variability
470,2024-01-20 21:00:00,99.6967,5,BATCH_010,High_Variability
471,2024-01-20 22:00:00,100.8998,1,BATCH_010,High_Variability
472,2024-01-20 23:00:00,92.7923,2,BATCH_010,High_Variability
473,2024-01-21 00:00:00,95.9392,3,BATCH_010,High_Variability
474,2024-01-21 01:00:00,107.4675,4,BATCH_010,High_Variability
475,2024-01-21 02:00:00,108.5799,5,BATCH_010,High_Variability
476,2024-01-21 03:00:00,101.0039,1,BATCH_010,High_Variability
477,2024-01-21 04:00:00,104.3062,2,BATCH_010,High_Variability
478,2024-01-21 05:00:00,103.245,3,BATCH_010,High_Variability
479,2024-01-21 06:00:00,114.3155,4,BATCH_010,High_Variability
480,2024-01-21 07:00:00,106.4783,5,BATCH_010,High_Variability
481,2024-01-21 08:00:00,101.4883,1,BATCH_010,High_Variability
482,2024-01-21 09:00:00,98.1778,2,BATCH_010,High_Variability
483,2024-01-21 10:00:00,95.5742,3,BATCH_010,High_Variability
484,2024-01-21 11:00:00,102.8139,4,BATCH_010,High_Variability
485,2024-01-21 12:00:00,98.9746,5,BATCH_010,High_Variability
486,2024-01-21 13:00:00,96.311,1,BATCH_010,High_Variability
487,2024-01-21 14:00:00,99.4137,2,BATCH_010,High_Variability
488,2024-01-21 15:00:00,97.6738,3,BATCH_010,High_Variability
489,2024-01-21 16:00:00,108.7486,4,BATCH_010,High_Variability
490,2024-01-21 17:00:00,105.5266,5,BATCH_010,High_Variability
491,2024-01-21 18:00:00,101.9681,1,BATCH_010,High_Variability
492,2024-01-21 19:00:00,107.9198,2,BATCH_010,High_Variability
493,2024-01-21 20:00:00,102.3095,3,BATCH_010,High_Variability
494,2024-01-21 21:00:00,98.5549,4,BATCH_010,High_Variability
495,2024-01-21 22:00:00,108.0925,5,BATCH_010,High_Variability
496,2024-01-21 23:00:00,104.1556,1,BATCH_010,High_Variability
497,2024-01-22 00:00:00,97.851,2,BATCH_010,High_Variability
498,2024-01-22 01:00:00,101.2386,3,BATCH_010,High_Variability
499,2024-01-22 02:00:00,98.4975,4,BATCH_010,High_Variability
500,2024-01-22 03:00:00,96.4688,5,BATCH_010,High_Variability
